{
   "name"   : "Camera_A_1024x768",
   "width"  : 1024,
   "height" : 768,
   "mtx"    :
   [[848.0428628295117, 0.0, 519.1035848045246],
    [0.0, 848.9535115672567, 429.2334046215774],
    [0.0, 0.0, 1.0]],
   "dist"   :
   [-0.468224985578682, 0.3491237058409633, -0.0006039417230905786, 0.0011684796732162077, -0.21032592040312295]
}